"","fill","y","x","PANEL","group","flipped_aes","ymin","ymax","xmin","xmax","colour","size","linetype","alpha"
"1","#1B9E77",2790.06494276,1,"1",1,FALSE,0,2790.06494276,0.55,1.45,NA,0.5,1,NA
"2","#1B9E77",4920.64130956,2,"1",7,FALSE,0,4920.64130956,1.55,2.45,NA,0.5,1,NA
"3","#1B9E77",8654.736229736,3,"1",13,FALSE,0,8654.736229736,2.55,3.45,NA,0.5,1,NA
"4","#1B9E77",16239.55587712,4,"1",19,FALSE,0,16239.55587712,3.55,4.45,NA,0.5,1,NA
"5","#1B9E77",20168.29515128,5,"1",25,FALSE,0,20168.29515128,4.55,5.45,NA,0.5,1,NA
"6","#1B9E77",18734.04306452,6,"1",31,FALSE,0,18734.04306452,5.55,6.45,NA,0.5,1,NA
"7","#1B9E77",14669.57828412,7,"1",37,FALSE,0,14669.57828412,6.55,7.45,NA,0.5,1,NA
"8","#1B9E77",18105.11572488,8,"1",43,FALSE,0,18105.11572488,7.55,8.45,NA,0.5,1,NA
"9","#1B9E77",17020.74469416,9,"1",49,FALSE,0,17020.74469416,8.55,9.45,NA,0.5,1,NA
"10","#1B9E77",14378.82180492,10,"1",55,FALSE,0,14378.82180492,9.55,10.45,NA,0.5,1,NA
"11","#1B9E77",9273.89623012,11,"1",61,FALSE,0,9273.89623012,10.55,11.45,NA,0.5,1,NA
"12","#1B9E77",5178.39586052,12,"1",67,FALSE,0,5178.39586052,11.55,12.45,NA,0.5,1,NA
"13","#1B9E77",3139.8323888,1,"2",1,FALSE,0,3139.8323888,0.55,1.45,NA,0.5,1,NA
"14","#1B9E77",5493.4055906,2,"2",7,FALSE,0,5493.4055906,1.55,2.45,NA,0.5,1,NA
"15","#1B9E77",9668.28546432,3,"2",13,FALSE,0,9668.28546432,2.55,3.45,NA,0.5,1,NA
"16","#1B9E77",17402.758226428,4,"2",19,FALSE,0,17402.758226428,3.55,4.45,NA,0.5,1,NA
"17","#1B9E77",21357.00595084,5,"2",25,FALSE,0,21357.00595084,4.55,5.45,NA,0.5,1,NA
"18","#1B9E77",16647.06499808,6,"2",31,FALSE,0,16647.06499808,5.55,6.45,NA,0.5,1,NA
"19","#1B9E77",11088.76512676,7,"2",37,FALSE,0,11088.76512676,6.55,7.45,NA,0.5,1,NA
"20","#1B9E77",14572.59002784,8,"2",43,FALSE,0,14572.59002784,7.55,8.45,NA,0.5,1,NA
"21","#1B9E77",14413.14844728,9,"2",49,FALSE,0,14413.14844728,8.55,9.45,NA,0.5,1,NA
"22","#1B9E77",13097.29176828,10,"2",55,FALSE,0,13097.29176828,9.55,10.45,NA,0.5,1,NA
"23","#1B9E77",10778.45347252,11,"2",61,FALSE,0,10778.45347252,10.55,11.45,NA,0.5,1,NA
"24","#1B9E77",5954.98087324,12,"2",67,FALSE,0,5954.98087324,11.55,12.45,NA,0.5,1,NA
"25","#1B9E77",3452.3754856,1,"3",1,FALSE,0,3452.3754856,0.55,1.45,NA,0.5,1,NA
"26","#1B9E77",6083.3652464,2,"3",7,FALSE,0,6083.3652464,1.55,2.45,NA,0.5,1,NA
"27","#1B9E77",11148.96662756,3,"3",13,FALSE,0,11148.96662756,2.55,3.45,NA,0.5,1,NA
"28","#1B9E77",18594.54688472,4,"3",19,FALSE,0,18594.54688472,3.55,4.45,NA,0.5,1,NA
"29","#1B9E77",22906.9844872,5,"3",25,FALSE,0,22906.9844872,4.55,5.45,NA,0.5,1,NA
"30","#1B9E77",12901.15346488,6,"3",31,FALSE,0,12901.15346488,5.55,6.45,NA,0.5,1,NA
"31","#1B9E77",6898.675308,7,"3",37,FALSE,0,6898.675308,6.55,7.45,NA,0.5,1,NA
"32","#1B9E77",10106.63380268,8,"3",43,FALSE,0,10106.63380268,7.55,8.45,NA,0.5,1,NA
"33","#1B9E77",10426.65258944,9,"3",49,FALSE,0,10426.65258944,8.55,9.45,NA,0.5,1,NA
"34","#1B9E77",10121.48619216,10,"3",55,FALSE,0,10121.48619216,9.55,10.45,NA,0.5,1,NA
"35","#1B9E77",12126.2153776,11,"3",61,FALSE,0,12126.2153776,10.55,11.45,NA,0.5,1,NA
"36","#1B9E77",6671.42202456,12,"3",67,FALSE,0,6671.42202456,11.55,12.45,NA,0.5,1,NA
"37","#1B9E77",2626.99865252,1,"4",1,FALSE,0,2626.99865252,0.55,1.45,NA,0.5,1,NA
"38","#1B9E77",4730.3594248,2,"4",7,FALSE,0,4730.3594248,1.55,2.45,NA,0.5,1,NA
"39","#1B9E77",8242.76869188,3,"4",13,FALSE,0,8242.76869188,2.55,3.45,NA,0.5,1,NA
"40","#1B9E77",15883.8866164,4,"4",19,FALSE,0,15883.8866164,3.55,4.45,NA,0.5,1,NA
"41","#1B9E77",19808.80576344,5,"4",25,FALSE,0,19808.80576344,4.55,5.45,NA,0.5,1,NA
"42","#1B9E77",18476.00918024,6,"4",31,FALSE,0,18476.00918024,5.55,6.45,NA,0.5,1,NA
"43","#1B9E77",14143.864457012,7,"4",37,FALSE,0,14143.864457012,6.55,7.45,NA,0.5,1,NA
"44","#1B9E77",17703.72645348,8,"4",43,FALSE,0,17703.72645348,7.55,8.45,NA,0.5,1,NA
"45","#1B9E77",16523.08468824,9,"4",49,FALSE,0,16523.08468824,8.55,9.45,NA,0.5,1,NA
"46","#1B9E77",13965.69202456,10,"4",55,FALSE,0,13965.69202456,9.55,10.45,NA,0.5,1,NA
"47","#1B9E77",8960.88954016,11,"4",61,FALSE,0,8960.88954016,10.55,11.45,NA,0.5,1,NA
"48","#1B9E77",4894.529177744,12,"4",67,FALSE,0,4894.529177744,11.55,12.45,NA,0.5,1,NA
"49","#1B9E77",2925.9981956,1,"5",1,FALSE,0,2925.9981956,0.55,1.45,NA,0.5,1,NA
"50","#1B9E77",5228.414405,2,"5",7,FALSE,0,5228.414405,1.55,2.45,NA,0.5,1,NA
"51","#1B9E77",9147.348677832,3,"5",13,FALSE,0,9147.348677832,2.55,3.45,NA,0.5,1,NA
"52","#1B9E77",16785.43888804,4,"5",19,FALSE,0,16785.43888804,3.55,4.45,NA,0.5,1,NA
"53","#1B9E77",20893.35226812,5,"5",25,FALSE,0,20893.35226812,4.55,5.45,NA,0.5,1,NA
"54","#1B9E77",16661.84306516,6,"5",31,FALSE,0,16661.84306516,5.55,6.45,NA,0.5,1,NA
"55","#1B9E77",11315.51168008,7,"5",37,FALSE,0,11315.51168008,6.55,7.45,NA,0.5,1,NA
"56","#1B9E77",14421.316883792,8,"5",43,FALSE,0,14421.316883792,7.55,8.45,NA,0.5,1,NA
"57","#1B9E77",14138.38470492,9,"5",49,FALSE,0,14138.38470492,8.55,9.45,NA,0.5,1,NA
"58","#1B9E77",12756.00863828,10,"5",55,FALSE,0,12756.00863828,9.55,10.45,NA,0.5,1,NA
"59","#1B9E77",10237.2284098,11,"5",61,FALSE,0,10237.2284098,10.55,11.45,NA,0.5,1,NA
"60","#1B9E77",5534.14389792,12,"5",67,FALSE,0,5534.14389792,11.55,12.45,NA,0.5,1,NA
"61","#1B9E77",3190.3042288,1,"6",1,FALSE,0,3190.3042288,0.55,1.45,NA,0.5,1,NA
"62","#1B9E77",5676.97319784,2,"6",7,FALSE,0,5676.97319784,1.55,2.45,NA,0.5,1,NA
"63","#1B9E77",10379.348348852,3,"6",13,FALSE,0,10379.348348852,2.55,3.45,NA,0.5,1,NA
"64","#1B9E77",17867.17033776,4,"6",19,FALSE,0,17867.17033776,3.55,4.45,NA,0.5,1,NA
"65","#1B9E77",22246.99335812,5,"6",25,FALSE,0,22246.99335812,4.55,5.45,NA,0.5,1,NA
"66","#1B9E77",13253.23877208,6,"6",31,FALSE,0,13253.23877208,5.55,6.45,NA,0.5,1,NA
"67","#1B9E77",7344.82045612,7,"6",37,FALSE,0,7344.82045612,6.55,7.45,NA,0.5,1,NA
"68","#1B9E77",10166.76291512,8,"6",43,FALSE,0,10166.76291512,7.55,8.45,NA,0.5,1,NA
"69","#1B9E77",10455.98234272,9,"6",49,FALSE,0,10455.98234272,8.55,9.45,NA,0.5,1,NA
"70","#1B9E77",10014.577867,10,"6",55,FALSE,0,10014.577867,9.55,10.45,NA,0.5,1,NA
"71","#1B9E77",11426.61922588,11,"6",61,FALSE,0,11426.61922588,10.55,11.45,NA,0.5,1,NA
"72","#1B9E77",6194.24773188,12,"6",67,FALSE,0,6194.24773188,11.55,12.45,NA,0.5,1,NA
"73","#1B9E77",0,1,"7",1,FALSE,0,0,0.55,1.45,NA,0.5,1,NA
"74","#1B9E77",0,2,"7",7,FALSE,0,0,1.55,2.45,NA,0.5,1,NA
"75","#1B9E77",1661.82790656,3,"7",13,FALSE,0,1661.82790656,2.55,3.45,NA,0.5,1,NA
"76","#1B9E77",7094.46329532,4,"7",19,FALSE,0,7094.46329532,3.55,4.45,NA,0.5,1,NA
"77","#1B9E77",10478.37188692,5,"7",25,FALSE,0,10478.37188692,4.55,5.45,NA,0.5,1,NA
"78","#1B9E77",11341.7735052,6,"7",31,FALSE,0,11341.7735052,5.55,6.45,NA,0.5,1,NA
"79","#1B9E77",7917.16429416,7,"7",37,FALSE,0,7917.16429416,6.55,7.45,NA,0.5,1,NA
"80","#1B9E77",9137.34382948,8,"7",43,FALSE,0,9137.34382948,7.55,8.45,NA,0.5,1,NA
"81","#1B9E77",8427.08565164,9,"7",49,FALSE,0,8427.08565164,8.55,9.45,NA,0.5,1,NA
"82","#1B9E77",4439.54224716,10,"7",55,FALSE,0,4439.54224716,9.55,10.45,NA,0.5,1,NA
"83","#1B9E77",1763.840546272,11,"7",61,FALSE,0,1763.840546272,10.55,11.45,NA,0.5,1,NA
"84","#1B9E77",1420.7767416,12,"7",67,FALSE,0,1420.7767416,11.55,12.45,NA,0.5,1,NA
"85","#D95F02",1057.06841404,1,"8",2,FALSE,0,1057.06841404,0.55,1.45,NA,0.5,1,NA
"86","#D95F02",1847.26421098,2,"8",8,FALSE,0,1847.26421098,1.55,2.45,NA,0.5,1,NA
"87","#D95F02",3238.55843192,3,"8",14,FALSE,0,3238.55843192,2.55,3.45,NA,0.5,1,NA
"88","#D95F02",5776.73166968,4,"8",20,FALSE,0,5776.73166968,3.55,4.45,NA,0.5,1,NA
"89","#D95F02",7010.65933608,5,"8",26,FALSE,0,7010.65933608,4.55,5.45,NA,0.5,1,NA
"90","#D95F02",6558.71551132,6,"8",32,FALSE,0,6558.71551132,5.55,6.45,NA,0.5,1,NA
"91","#D95F02",5540.21259864,7,"8",38,FALSE,0,5540.21259864,6.55,7.45,NA,0.5,1,NA
"92","#D95F02",6340.48437784,8,"8",44,FALSE,0,6340.48437784,7.55,8.45,NA,0.5,1,NA
"93","#D95F02",5709.24434792,9,"8",50,FALSE,0,5709.24434792,8.55,9.45,NA,0.5,1,NA
"94","#D95F02",5330.50722004,10,"8",56,FALSE,0,5330.50722004,9.55,10.45,NA,0.5,1,NA
"95","#D95F02",3191.044866956,11,"8",62,FALSE,0,3191.044866956,10.55,11.45,NA,0.5,1,NA
"96","#D95F02",1734.383200896,12,"8",68,FALSE,0,1734.383200896,11.55,12.45,NA,0.5,1,NA
"97","#D95F02",1318.37997572,1,"9",2,FALSE,0,1318.37997572,0.55,1.45,NA,0.5,1,NA
"98","#D95F02",2214.29338116,2,"9",8,FALSE,0,2214.29338116,1.55,2.45,NA,0.5,1,NA
"99","#D95F02",3813.7029326,3,"9",14,FALSE,0,3813.7029326,2.55,3.45,NA,0.5,1,NA
"100","#D95F02",6311.1769438,4,"9",20,FALSE,0,6311.1769438,3.55,4.45,NA,0.5,1,NA
"101","#D95F02",7548.55797464,5,"9",26,FALSE,0,7548.55797464,4.55,5.45,NA,0.5,1,NA
"102","#D95F02",5829.404330144,6,"9",32,FALSE,0,5829.404330144,5.55,6.45,NA,0.5,1,NA
"103","#D95F02",4143.291472188,7,"9",38,FALSE,0,4143.291472188,6.55,7.45,NA,0.5,1,NA
"104","#D95F02",5076.8146744,8,"9",44,FALSE,0,5076.8146744,7.55,8.45,NA,0.5,1,NA
"105","#D95F02",5031.77517252,9,"9",50,FALSE,0,5031.77517252,8.55,9.45,NA,0.5,1,NA
"106","#D95F02",4920.376663772,10,"9",56,FALSE,0,4920.376663772,9.55,10.45,NA,0.5,1,NA
"107","#D95F02",3843.691761008,11,"9",62,FALSE,0,3843.691761008,10.55,11.45,NA,0.5,1,NA
"108","#D95F02",2014.108716432,12,"9",68,FALSE,0,2014.108716432,11.55,12.45,NA,0.5,1,NA
"109","#D95F02",1577.49933576,1,"10",2,FALSE,0,1577.49933576,0.55,1.45,NA,0.5,1,NA
"110","#D95F02",2792.94290324,2,"10",8,FALSE,0,2792.94290324,1.55,2.45,NA,0.5,1,NA
"111","#D95F02",4452.388923832,3,"10",14,FALSE,0,4452.388923832,2.55,3.45,NA,0.5,1,NA
"112","#D95F02",6775.303174976,4,"10",20,FALSE,0,6775.303174976,3.55,4.45,NA,0.5,1,NA
"113","#D95F02",8350.27300372,5,"10",26,FALSE,0,8350.27300372,4.55,5.45,NA,0.5,1,NA
"114","#D95F02",5068.18732244,6,"10",32,FALSE,0,5068.18732244,5.55,6.45,NA,0.5,1,NA
"115","#D95F02",2853.58074304,7,"10",38,FALSE,0,2853.58074304,6.55,7.45,NA,0.5,1,NA
"116","#D95F02",3947.847488748,8,"10",44,FALSE,0,3947.847488748,7.55,8.45,NA,0.5,1,NA
"117","#D95F02",3929.993516056,9,"10",50,FALSE,0,3929.993516056,8.55,9.45,NA,0.5,1,NA
"118","#D95F02",4110.30792624,10,"10",56,FALSE,0,4110.30792624,9.55,10.45,NA,0.5,1,NA
"119","#D95F02",4513.402400588,11,"10",62,FALSE,0,4513.402400588,10.55,11.45,NA,0.5,1,NA
"120","#D95F02",2479.70737248,12,"10",68,FALSE,0,2479.70737248,11.55,12.45,NA,0.5,1,NA
"121","#D95F02",916.21592344,1,"11",2,FALSE,0,916.21592344,0.55,1.45,NA,0.5,1,NA
"122","#D95F02",1538.91511344,2,"11",8,FALSE,0,1538.91511344,1.55,2.45,NA,0.5,1,NA
"123","#D95F02",3029.49462412,3,"11",14,FALSE,0,3029.49462412,2.55,3.45,NA,0.5,1,NA
"124","#D95F02",5463.871627168,4,"11",20,FALSE,0,5463.871627168,3.55,4.45,NA,0.5,1,NA
"125","#D95F02",6641.862806652,5,"11",26,FALSE,0,6641.862806652,4.55,5.45,NA,0.5,1,NA
"126","#D95F02",6334.84970384,6,"11",32,FALSE,0,6334.84970384,5.55,6.45,NA,0.5,1,NA
"127","#D95F02",5235.6545636,7,"11",38,FALSE,0,5235.6545636,6.55,7.45,NA,0.5,1,NA
"128","#D95F02",6032.36862256,8,"11",44,FALSE,0,6032.36862256,7.55,8.45,NA,0.5,1,NA
"129","#D95F02",5462.15198064,9,"11",50,FALSE,0,5462.15198064,8.55,9.45,NA,0.5,1,NA
"130","#D95F02",4965.25673224,10,"11",56,FALSE,0,4965.25673224,9.55,10.45,NA,0.5,1,NA
"131","#D95F02",2804.716989888,11,"11",62,FALSE,0,2804.716989888,10.55,11.45,NA,0.5,1,NA
"132","#D95F02",1573.24451076,12,"11",68,FALSE,0,1573.24451076,11.55,12.45,NA,0.5,1,NA
"133","#D95F02",1143.0277162,1,"12",2,FALSE,0,1143.0277162,0.55,1.45,NA,0.5,1,NA
"134","#D95F02",1992.02313646,2,"12",8,FALSE,0,1992.02313646,1.55,2.45,NA,0.5,1,NA
"135","#D95F02",3371.37708576,3,"12",14,FALSE,0,3371.37708576,2.55,3.45,NA,0.5,1,NA
"136","#D95F02",5933.24802028,4,"12",20,FALSE,0,5933.24802028,3.55,4.45,NA,0.5,1,NA
"137","#D95F02",7141.004646,5,"12",26,FALSE,0,7141.004646,4.55,5.45,NA,0.5,1,NA
"138","#D95F02",5624.06824888,6,"12",32,FALSE,0,5624.06824888,5.55,6.45,NA,0.5,1,NA
"139","#D95F02",3933.494436408,7,"12",38,FALSE,0,3933.494436408,6.55,7.45,NA,0.5,1,NA
"140","#D95F02",4871.815313008,8,"12",44,FALSE,0,4871.815313008,7.55,8.45,NA,0.5,1,NA
"141","#D95F02",4886.55552644,9,"12",50,FALSE,0,4886.55552644,8.55,9.45,NA,0.5,1,NA
"142","#D95F02",4577.45485412,10,"12",56,FALSE,0,4577.45485412,9.55,10.45,NA,0.5,1,NA
"143","#D95F02",3538.79097884,11,"12",62,FALSE,0,3538.79097884,10.55,11.45,NA,0.5,1,NA
"144","#D95F02",1858.33060928,12,"12",68,FALSE,0,1858.33060928,11.55,12.45,NA,0.5,1,NA
"145","#D95F02",1402.133806012,1,"13",2,FALSE,0,1402.133806012,0.55,1.45,NA,0.5,1,NA
"146","#D95F02",2517.720601408,2,"13",8,FALSE,0,2517.720601408,1.55,2.45,NA,0.5,1,NA
"147","#D95F02",4073.17234664,3,"13",14,FALSE,0,4073.17234664,2.55,3.45,NA,0.5,1,NA
"148","#D95F02",6384.32013204,4,"13",20,FALSE,0,6384.32013204,3.55,4.45,NA,0.5,1,NA
"149","#D95F02",7935.29862812,5,"13",26,FALSE,0,7935.29862812,4.55,5.45,NA,0.5,1,NA
"150","#D95F02",4969.15480864,6,"13",32,FALSE,0,4969.15480864,5.55,6.45,NA,0.5,1,NA
"151","#D95F02",2807.0989382,7,"13",38,FALSE,0,2807.0989382,6.55,7.45,NA,0.5,1,NA
"152","#D95F02",3929.27710636,8,"13",44,FALSE,0,3929.27710636,7.55,8.45,NA,0.5,1,NA
"153","#D95F02",3885.449609468,9,"13",50,FALSE,0,3885.449609468,8.55,9.45,NA,0.5,1,NA
"154","#D95F02",3918.50716704,10,"13",56,FALSE,0,3918.50716704,9.55,10.45,NA,0.5,1,NA
"155","#D95F02",4172.725322496,11,"13",62,FALSE,0,4172.725322496,10.55,11.45,NA,0.5,1,NA
"156","#D95F02",2260.744235592,12,"13",68,FALSE,0,2260.744235592,11.55,12.45,NA,0.5,1,NA
"157","#D95F02",195.176702188,1,"14",2,FALSE,0,195.176702188,0.55,1.45,NA,0.5,1,NA
"158","#D95F02",432.30794096,2,"14",8,FALSE,0,432.30794096,1.55,2.45,NA,0.5,1,NA
"159","#D95F02",1544.752721332,3,"14",14,FALSE,0,1544.752721332,2.55,3.45,NA,0.5,1,NA
"160","#D95F02",4069.84105712,4,"14",20,FALSE,0,4069.84105712,3.55,4.45,NA,0.5,1,NA
"161","#D95F02",5387.19495888,5,"14",26,FALSE,0,5387.19495888,4.55,5.45,NA,0.5,1,NA
"162","#D95F02",5726.14558688,6,"14",32,FALSE,0,5726.14558688,5.55,6.45,NA,0.5,1,NA
"163","#D95F02",4454.69339752,7,"14",38,FALSE,0,4454.69339752,6.55,7.45,NA,0.5,1,NA
"164","#D95F02",4470.84590208,8,"14",44,FALSE,0,4470.84590208,7.55,8.45,NA,0.5,1,NA
"165","#D95F02",4126.47372476,9,"14",50,FALSE,0,4126.47372476,8.55,9.45,NA,0.5,1,NA
"166","#D95F02",3480.72143864,10,"14",56,FALSE,0,3480.72143864,9.55,10.45,NA,0.5,1,NA
"167","#D95F02",1760.84032572,11,"14",62,FALSE,0,1760.84032572,10.55,11.45,NA,0.5,1,NA
"168","#D95F02",806.65787976,12,"14",68,FALSE,0,806.65787976,11.55,12.45,NA,0.5,1,NA
"169","#7570B3",463.085895796,1,"15",3,FALSE,0,463.085895796,0.55,1.45,NA,0.5,1,NA
"170","#7570B3",1038.42829848,2,"15",9,FALSE,0,1038.42829848,1.55,2.45,NA,0.5,1,NA
"171","#7570B3",1755.691456368,3,"15",15,FALSE,0,1755.691456368,2.55,3.45,NA,0.5,1,NA
"172","#7570B3",2672.600691072,4,"15",21,FALSE,0,2672.600691072,3.55,4.45,NA,0.5,1,NA
"173","#7570B3",3192.047983188,5,"15",27,FALSE,0,3192.047983188,4.55,5.45,NA,0.5,1,NA
"174","#7570B3",2502.9723414,6,"15",33,FALSE,0,2502.9723414,5.55,6.45,NA,0.5,1,NA
"175","#7570B3",1836.5269809884,7,"15",39,FALSE,0,1836.5269809884,6.55,7.45,NA,0.5,1,NA
"176","#7570B3",2332.177495776,8,"15",45,FALSE,0,2332.177495776,7.55,8.45,NA,0.5,1,NA
"177","#7570B3",2009.7228384324,9,"15",51,FALSE,0,2009.7228384324,8.55,9.45,NA,0.5,1,NA
"178","#7570B3",1815.65245608,10,"15",57,FALSE,0,1815.65245608,9.55,10.45,NA,0.5,1,NA
"179","#7570B3",1929.44572304,11,"15",63,FALSE,0,1929.44572304,10.55,11.45,NA,0.5,1,NA
"180","#7570B3",864.848399056,12,"15",69,FALSE,0,864.848399056,11.55,12.45,NA,0.5,1,NA
"181","#7570B3",466.44819444,1,"16",3,FALSE,0,466.44819444,0.55,1.45,NA,0.5,1,NA
"182","#7570B3",1046.85361952,2,"16",9,FALSE,0,1046.85361952,1.55,2.45,NA,0.5,1,NA
"183","#7570B3",1770.90147956,3,"16",15,FALSE,0,1770.90147956,2.55,3.45,NA,0.5,1,NA
"184","#7570B3",2697.723590292,4,"16",21,FALSE,0,2697.723590292,3.55,4.45,NA,0.5,1,NA
"185","#7570B3",3216.822712452,5,"16",27,FALSE,0,3216.822712452,4.55,5.45,NA,0.5,1,NA
"186","#7570B3",2464.78520988,6,"16",33,FALSE,0,2464.78520988,5.55,6.45,NA,0.5,1,NA
"187","#7570B3",1759.419457916,7,"16",39,FALSE,0,1759.419457916,6.55,7.45,NA,0.5,1,NA
"188","#7570B3",2250.89526314,8,"16",45,FALSE,0,2250.89526314,7.55,8.45,NA,0.5,1,NA
"189","#7570B3",1940.999613468,9,"16",51,FALSE,0,1940.999613468,8.55,9.45,NA,0.5,1,NA
"190","#7570B3",1814.10394424,10,"16",57,FALSE,0,1814.10394424,9.55,10.45,NA,0.5,1,NA
"191","#7570B3",1941.96755668,11,"16",63,FALSE,0,1941.96755668,10.55,11.45,NA,0.5,1,NA
"192","#7570B3",875.2996589656,12,"16",69,FALSE,0,875.2996589656,11.55,12.45,NA,0.5,1,NA
"193","#7570B3",485.2929581,1,"17",3,FALSE,0,485.2929581,0.55,1.45,NA,0.5,1,NA
"194","#7570B3",1106.469877996,2,"17",9,FALSE,0,1106.469877996,1.55,2.45,NA,0.5,1,NA
"195","#7570B3",1893.3560707492,3,"17",15,FALSE,0,1893.3560707492,2.55,3.45,NA,0.5,1,NA
"196","#7570B3",2829.816112516,4,"17",21,FALSE,0,2829.816112516,3.55,4.45,NA,0.5,1,NA
"197","#7570B3",3360.58914504,5,"17",27,FALSE,0,3360.58914504,4.55,5.45,NA,0.5,1,NA
"198","#7570B3",2067.515585964,6,"17",33,FALSE,0,2067.515585964,5.55,6.45,NA,0.5,1,NA
"199","#7570B3",1197.08244852,7,"17",39,FALSE,0,1197.08244852,6.55,7.45,NA,0.5,1,NA
"200","#7570B3",1540.13168578,8,"17",45,FALSE,0,1540.13168578,7.55,8.45,NA,0.5,1,NA
"201","#7570B3",1333.228377892,9,"17",51,FALSE,0,1333.228377892,8.55,9.45,NA,0.5,1,NA
"202","#7570B3",1459.7289597464,10,"17",57,FALSE,0,1459.7289597464,9.55,10.45,NA,0.5,1,NA
"203","#7570B3",2013.3220946,11,"17",63,FALSE,0,2013.3220946,10.55,11.45,NA,0.5,1,NA
"204","#7570B3",966.188159536,12,"17",69,FALSE,0,966.188159536,11.55,12.45,NA,0.5,1,NA
"205","#7570B3",462.494848328,1,"18",3,FALSE,0,462.494848328,0.55,1.45,NA,0.5,1,NA
"206","#7570B3",1037.2527324,2,"18",9,FALSE,0,1037.2527324,1.55,2.45,NA,0.5,1,NA
"207","#7570B3",1752.947974336,3,"18",15,FALSE,0,1752.947974336,2.55,3.45,NA,0.5,1,NA
"208","#7570B3",2668.722399992,4,"18",21,FALSE,0,2668.722399992,3.55,4.45,NA,0.5,1,NA
"209","#7570B3",3188.168863716,5,"18",27,FALSE,0,3188.168863716,4.55,5.45,NA,0.5,1,NA
"210","#7570B3",2499.80293868,6,"18",33,FALSE,0,2499.80293868,5.55,6.45,NA,0.5,1,NA
"211","#7570B3",1833.3279728284,7,"18",39,FALSE,0,1833.3279728284,6.55,7.45,NA,0.5,1,NA
"212","#7570B3",2330.583886768,8,"18",45,FALSE,0,2330.583886768,7.55,8.45,NA,0.5,1,NA
"213","#7570B3",2007.40486794168,9,"18",51,FALSE,0,2007.40486794168,8.55,9.45,NA,0.5,1,NA
"214","#7570B3",1836.07246564,10,"18",57,FALSE,0,1836.07246564,9.55,10.45,NA,0.5,1,NA
"215","#7570B3",1926.73927768,11,"18",63,FALSE,0,1926.73927768,10.55,11.45,NA,0.5,1,NA
"216","#7570B3",863.015988672,12,"18",69,FALSE,0,863.015988672,11.55,12.45,NA,0.5,1,NA
"217","#7570B3",466.44819444,1,"19",3,FALSE,0,466.44819444,0.55,1.45,NA,0.5,1,NA
"218","#7570B3",1046.85361952,2,"19",9,FALSE,0,1046.85361952,1.55,2.45,NA,0.5,1,NA
"219","#7570B3",1770.90147956,3,"19",15,FALSE,0,1770.90147956,2.55,3.45,NA,0.5,1,NA
"220","#7570B3",2697.723590292,4,"19",21,FALSE,0,2697.723590292,3.55,4.45,NA,0.5,1,NA
"221","#7570B3",3216.822712452,5,"19",27,FALSE,0,3216.822712452,4.55,5.45,NA,0.5,1,NA
"222","#7570B3",2464.78520988,6,"19",33,FALSE,0,2464.78520988,5.55,6.45,NA,0.5,1,NA
"223","#7570B3",1759.419457916,7,"19",39,FALSE,0,1759.419457916,6.55,7.45,NA,0.5,1,NA
"224","#7570B3",2250.89526314,8,"19",45,FALSE,0,2250.89526314,7.55,8.45,NA,0.5,1,NA
"225","#7570B3",1940.999613468,9,"19",51,FALSE,0,1940.999613468,8.55,9.45,NA,0.5,1,NA
"226","#7570B3",1814.10394424,10,"19",57,FALSE,0,1814.10394424,9.55,10.45,NA,0.5,1,NA
"227","#7570B3",1941.96755668,11,"19",63,FALSE,0,1941.96755668,10.55,11.45,NA,0.5,1,NA
"228","#7570B3",875.2996589656,12,"19",69,FALSE,0,875.2996589656,11.55,12.45,NA,0.5,1,NA
"229","#7570B3",485.2929581,1,"20",3,FALSE,0,485.2929581,0.55,1.45,NA,0.5,1,NA
"230","#7570B3",1106.469877996,2,"20",9,FALSE,0,1106.469877996,1.55,2.45,NA,0.5,1,NA
"231","#7570B3",1893.3560707492,3,"20",15,FALSE,0,1893.3560707492,2.55,3.45,NA,0.5,1,NA
"232","#7570B3",2829.816112516,4,"20",21,FALSE,0,2829.816112516,3.55,4.45,NA,0.5,1,NA
"233","#7570B3",3360.58914504,5,"20",27,FALSE,0,3360.58914504,4.55,5.45,NA,0.5,1,NA
"234","#7570B3",2067.515585964,6,"20",33,FALSE,0,2067.515585964,5.55,6.45,NA,0.5,1,NA
"235","#7570B3",1197.08244852,7,"20",39,FALSE,0,1197.08244852,6.55,7.45,NA,0.5,1,NA
"236","#7570B3",1540.13168578,8,"20",45,FALSE,0,1540.13168578,7.55,8.45,NA,0.5,1,NA
"237","#7570B3",1333.228377892,9,"20",51,FALSE,0,1333.228377892,8.55,9.45,NA,0.5,1,NA
"238","#7570B3",1459.7289597464,10,"20",57,FALSE,0,1459.7289597464,9.55,10.45,NA,0.5,1,NA
"239","#7570B3",2013.3220946,11,"20",63,FALSE,0,2013.3220946,10.55,11.45,NA,0.5,1,NA
"240","#7570B3",966.188159536,12,"20",69,FALSE,0,966.188159536,11.55,12.45,NA,0.5,1,NA
"241","#7570B3",0,1,"21",3,FALSE,0,0,0.55,1.45,NA,0.5,1,NA
"242","#7570B3",0,2,"21",9,FALSE,0,0,1.55,2.45,NA,0.5,1,NA
"243","#7570B3",122.870037644,3,"21",15,FALSE,0,122.870037644,2.55,3.45,NA,0.5,1,NA
"244","#7570B3",945.119288688,4,"21",21,FALSE,0,945.119288688,3.55,4.45,NA,0.5,1,NA
"245","#7570B3",1376.265432832,5,"21",27,FALSE,0,1376.265432832,4.55,5.45,NA,0.5,1,NA
"246","#7570B3",1426.19039452,6,"21",33,FALSE,0,1426.19039452,5.55,6.45,NA,0.5,1,NA
"247","#7570B3",1021.826038968,7,"21",39,FALSE,0,1021.826038968,6.55,7.45,NA,0.5,1,NA
"248","#7570B3",1034.2713637856,8,"21",45,FALSE,0,1034.2713637856,7.55,8.45,NA,0.5,1,NA
"249","#7570B3",1000.40331132,9,"21",51,FALSE,0,1000.40331132,8.55,9.45,NA,0.5,1,NA
"250","#7570B3",625.910543448,10,"21",57,FALSE,0,625.910543448,9.55,10.45,NA,0.5,1,NA
"251","#7570B3",273.562163,11,"21",63,FALSE,0,273.562163,10.55,11.45,NA,0.5,1,NA
"252","#7570B3",163.73496316,12,"21",69,FALSE,0,163.73496316,11.55,12.45,NA,0.5,1,NA
"253","#E7298A",1874.563577624,1,"22",4,FALSE,0,1874.563577624,0.55,1.45,NA,0.5,1,NA
"254","#E7298A",3161.0757274,2,"22",10,FALSE,0,3161.0757274,1.55,2.45,NA,0.5,1,NA
"255","#E7298A",5549.48350064,3,"22",16,FALSE,0,5549.48350064,2.55,3.45,NA,0.5,1,NA
"256","#E7298A",8832.351487068,4,"22",22,FALSE,0,8832.351487068,3.55,4.45,NA,0.5,1,NA
"257","#E7298A",10609.048856044,5,"22",28,FALSE,0,10609.048856044,4.55,5.45,NA,0.5,1,NA
"258","#E7298A",10239.04030068,6,"22",34,FALSE,0,10239.04030068,5.55,6.45,NA,0.5,1,NA
"259","#E7298A",9095.027862188,7,"22",40,FALSE,0,9095.027862188,6.55,7.45,NA,0.5,1,NA
"260","#E7298A",11692.05125764,8,"22",46,FALSE,0,11692.05125764,7.55,8.45,NA,0.5,1,NA
"261","#E7298A",12153.650186936,9,"22",52,FALSE,0,12153.650186936,8.55,9.45,NA,0.5,1,NA
"262","#E7298A",10971.15927972,10,"22",58,FALSE,0,10971.15927972,9.55,10.45,NA,0.5,1,NA
"263","#E7298A",6875.6707182,11,"22",64,FALSE,0,6875.6707182,10.55,11.45,NA,0.5,1,NA
"264","#E7298A",3352.63270828,12,"22",70,FALSE,0,3352.63270828,11.55,12.45,NA,0.5,1,NA
"265","#E7298A",2213.40375126,1,"23",4,FALSE,0,2213.40375126,0.55,1.45,NA,0.5,1,NA
"266","#E7298A",3575.025205516,2,"23",10,FALSE,0,3575.025205516,1.55,2.45,NA,0.5,1,NA
"267","#E7298A",6170.788101508,3,"23",16,FALSE,0,6170.788101508,2.55,3.45,NA,0.5,1,NA
"268","#E7298A",9548.94163908,4,"23",22,FALSE,0,9548.94163908,3.55,4.45,NA,0.5,1,NA
"269","#E7298A",11426.77778704,5,"23",28,FALSE,0,11426.77778704,4.55,5.45,NA,0.5,1,NA
"270","#E7298A",9240.9319074,6,"23",34,FALSE,0,9240.9319074,5.55,6.45,NA,0.5,1,NA
"271","#E7298A",6793.45483908,7,"23",40,FALSE,0,6793.45483908,6.55,7.45,NA,0.5,1,NA
"272","#E7298A",9312.12487076,8,"23",46,FALSE,0,9312.12487076,7.55,8.45,NA,0.5,1,NA
"273","#E7298A",10222.74132304,9,"23",52,FALSE,0,10222.74132304,8.55,9.45,NA,0.5,1,NA
"274","#E7298A",9546.84925544,10,"23",58,FALSE,0,9546.84925544,9.55,10.45,NA,0.5,1,NA
"275","#E7298A",7117.2010564,11,"23",64,FALSE,0,7117.2010564,10.55,11.45,NA,0.5,1,NA
"276","#E7298A",3666.89716586,12,"23",70,FALSE,0,3666.89716586,11.55,12.45,NA,0.5,1,NA
"277","#E7298A",2464.4244772352,1,"24",4,FALSE,0,2464.4244772352,0.55,1.45,NA,0.5,1,NA
"278","#E7298A",4055.93878088,2,"24",10,FALSE,0,4055.93878088,1.55,2.45,NA,0.5,1,NA
"279","#E7298A",7038.19789924,3,"24",16,FALSE,0,7038.19789924,2.55,3.45,NA,0.5,1,NA
"280","#E7298A",10474.24771144,4,"24",22,FALSE,0,10474.24771144,3.55,4.45,NA,0.5,1,NA
"281","#E7298A",12550.0638066,5,"24",28,FALSE,0,12550.0638066,4.55,5.45,NA,0.5,1,NA
"282","#E7298A",7624.042212708,6,"24",34,FALSE,0,7624.042212708,5.55,6.45,NA,0.5,1,NA
"283","#E7298A",4245.35638576,7,"24",40,FALSE,0,4245.35638576,6.55,7.45,NA,0.5,1,NA
"284","#E7298A",6558.4692502,8,"24",46,FALSE,0,6558.4692502,7.55,8.45,NA,0.5,1,NA
"285","#E7298A",6653.781956136,9,"24",52,FALSE,0,6653.781956136,8.55,9.45,NA,0.5,1,NA
"286","#E7298A",7242.05984072,10,"24",58,FALSE,0,7242.05984072,9.55,10.45,NA,0.5,1,NA
"287","#E7298A",7266.27222304,11,"24",64,FALSE,0,7266.27222304,10.55,11.45,NA,0.5,1,NA
"288","#E7298A",4130.85061188,12,"24",70,FALSE,0,4130.85061188,11.55,12.45,NA,0.5,1,NA
"289","#E7298A",1693.46454972,1,"25",4,FALSE,0,1693.46454972,0.55,1.45,NA,0.5,1,NA
"290","#E7298A",2861.77983048,2,"25",10,FALSE,0,2861.77983048,1.55,2.45,NA,0.5,1,NA
"291","#E7298A",5074.90787416,3,"25",16,FALSE,0,5074.90787416,2.55,3.45,NA,0.5,1,NA
"292","#E7298A",8322.30647928,4,"25",22,FALSE,0,8322.30647928,3.55,4.45,NA,0.5,1,NA
"293","#E7298A",10153.05464928,5,"25",28,FALSE,0,10153.05464928,4.55,5.45,NA,0.5,1,NA
"294","#E7298A",9996.85695728,6,"25",34,FALSE,0,9996.85695728,5.55,6.45,NA,0.5,1,NA
"295","#E7298A",8752.5587338,7,"25",40,FALSE,0,8752.5587338,6.55,7.45,NA,0.5,1,NA
"296","#E7298A",11046.95149408,8,"25",46,FALSE,0,11046.95149408,7.55,8.45,NA,0.5,1,NA
"297","#E7298A",11243.11807504,9,"25",52,FALSE,0,11243.11807504,8.55,9.45,NA,0.5,1,NA
"298","#E7298A",9884.57338552,10,"25",58,FALSE,0,9884.57338552,9.55,10.45,NA,0.5,1,NA
"299","#E7298A",6259.7348224,11,"25",64,FALSE,0,6259.7348224,10.55,11.45,NA,0.5,1,NA
"300","#E7298A",2968.256601524,12,"25",70,FALSE,0,2968.256601524,11.55,12.45,NA,0.5,1,NA
"301","#E7298A",1859.860775956,1,"26",4,FALSE,0,1859.860775956,0.55,1.45,NA,0.5,1,NA
"302","#E7298A",3170.26013532,2,"26",10,FALSE,0,3170.26013532,1.55,2.45,NA,0.5,1,NA
"303","#E7298A",5576.36631576,3,"26",16,FALSE,0,5576.36631576,2.55,3.45,NA,0.5,1,NA
"304","#E7298A",8914.22933368,4,"26",22,FALSE,0,8914.22933368,3.55,4.45,NA,0.5,1,NA
"305","#E7298A",10840.94399924,5,"26",28,FALSE,0,10840.94399924,4.55,5.45,NA,0.5,1,NA
"306","#E7298A",9092.21115936,6,"26",34,FALSE,0,9092.21115936,5.55,6.45,NA,0.5,1,NA
"307","#E7298A",6673.94659392,7,"26",40,FALSE,0,6673.94659392,6.55,7.45,NA,0.5,1,NA
"308","#E7298A",8836.603981988,8,"26",46,FALSE,0,8836.603981988,7.55,8.45,NA,0.5,1,NA
"309","#E7298A",9488.0858921016,9,"26",52,FALSE,0,9488.0858921016,8.55,9.45,NA,0.5,1,NA
"310","#E7298A",8757.21676744,10,"26",58,FALSE,0,8757.21676744,9.55,10.45,NA,0.5,1,NA
"311","#E7298A",6312.23326984,11,"26",64,FALSE,0,6312.23326984,10.55,11.45,NA,0.5,1,NA
"312","#E7298A",3305.3712946,12,"26",70,FALSE,0,3305.3712946,11.55,12.45,NA,0.5,1,NA
"313","#E7298A",2083.20592876,1,"27",4,FALSE,0,2083.20592876,0.55,1.45,NA,0.5,1,NA
"314","#E7298A",3591.24597988,2,"27",10,FALSE,0,3591.24597988,1.55,2.45,NA,0.5,1,NA
"315","#E7298A",6212.928684772,3,"27",16,FALSE,0,6212.928684772,2.55,3.45,NA,0.5,1,NA
"316","#E7298A",9557.720262716,4,"27",22,FALSE,0,9557.720262716,3.55,4.45,NA,0.5,1,NA
"317","#E7298A",11676.923523,5,"27",28,FALSE,0,11676.923523,4.55,5.45,NA,0.5,1,NA
"318","#E7298A",7634.13586264,6,"27",34,FALSE,0,7634.13586264,5.55,6.45,NA,0.5,1,NA
"319","#E7298A",4590.30259776,7,"27",40,FALSE,0,4590.30259776,6.55,7.45,NA,0.5,1,NA
"320","#E7298A",6458.8602794,8,"27",46,FALSE,0,6458.8602794,7.55,8.45,NA,0.5,1,NA
"321","#E7298A",6547.98878832,9,"27",52,FALSE,0,6547.98878832,8.55,9.45,NA,0.5,1,NA
"322","#E7298A",6819.85753284,10,"27",58,FALSE,0,6819.85753284,9.55,10.45,NA,0.5,1,NA
"323","#E7298A",6593.54321,11,"27",64,FALSE,0,6593.54321,10.55,11.45,NA,0.5,1,NA
"324","#E7298A",3628.852175804,12,"27",70,FALSE,0,3628.852175804,11.55,12.45,NA,0.5,1,NA
"325","#E7298A",0,1,"28",4,FALSE,0,0,0.55,1.45,NA,0.5,1,NA
"326","#E7298A",148.7172147336,2,"28",10,FALSE,0,148.7172147336,1.55,2.45,NA,0.5,1,NA
"327","#E7298A",1414.791593824,3,"28",16,FALSE,0,1414.791593824,2.55,3.45,NA,0.5,1,NA
"328","#E7298A",4314.02282648,4,"28",22,FALSE,0,4314.02282648,3.55,4.45,NA,0.5,1,NA
"329","#E7298A",5522.6142753172,5,"28",28,FALSE,0,5522.6142753172,4.55,5.45,NA,0.5,1,NA
"330","#E7298A",6345.625306212,6,"28",34,FALSE,0,6345.625306212,5.55,6.45,NA,0.5,1,NA
"331","#E7298A",4727.501512936,7,"28",40,FALSE,0,4727.501512936,6.55,7.45,NA,0.5,1,NA
"332","#E7298A",5036.64550166,8,"28",46,FALSE,0,5036.64550166,7.55,8.45,NA,0.5,1,NA
"333","#E7298A",5143.913525016,9,"28",52,FALSE,0,5143.913525016,8.55,9.45,NA,0.5,1,NA
"334","#E7298A",3574.0064254,10,"28",58,FALSE,0,3574.0064254,9.55,10.45,NA,0.5,1,NA
"335","#E7298A",1601.664139,11,"28",64,FALSE,0,1601.664139,10.55,11.45,NA,0.5,1,NA
"336","#E7298A",994.925629752,12,"28",70,FALSE,0,994.925629752,11.55,12.45,NA,0.5,1,NA
"337","#66A61E",262.86840076,1,"29",5,FALSE,0,262.86840076,0.55,1.45,NA,0.5,1,NA
"338","#66A61E",1593.55883348,2,"29",11,FALSE,0,1593.55883348,1.55,2.45,NA,0.5,1,NA
"339","#66A61E",3209.29624584,3,"29",17,FALSE,0,3209.29624584,2.55,3.45,NA,0.5,1,NA
"340","#66A61E",6281.09672968,4,"29",23,FALSE,0,6281.09672968,3.55,4.45,NA,0.5,1,NA
"341","#66A61E",7858.2477274,5,"29",29,FALSE,0,7858.2477274,4.55,5.45,NA,0.5,1,NA
"342","#66A61E",5212.18977032,6,"29",35,FALSE,0,5212.18977032,5.55,6.45,NA,0.5,1,NA
"343","#66A61E",3798.59287856,7,"29",41,FALSE,0,3798.59287856,6.55,7.45,NA,0.5,1,NA
"344","#66A61E",6390.12669008,8,"29",47,FALSE,0,6390.12669008,7.55,8.45,NA,0.5,1,NA
"345","#66A61E",5803.72368972,9,"29",53,FALSE,0,5803.72368972,8.55,9.45,NA,0.5,1,NA
"346","#66A61E",3872.82854988,10,"29",59,FALSE,0,3872.82854988,9.55,10.45,NA,0.5,1,NA
"347","#66A61E",2802.55177904,11,"29",65,FALSE,0,2802.55177904,10.55,11.45,NA,0.5,1,NA
"348","#66A61E",1937.24365452,12,"29",71,FALSE,0,1937.24365452,11.55,12.45,NA,0.5,1,NA
"349","#66A61E",278.35240044,1,"30",5,FALSE,0,278.35240044,0.55,1.45,NA,0.5,1,NA
"350","#66A61E",1649.064004,2,"30",11,FALSE,0,1649.064004,1.55,2.45,NA,0.5,1,NA
"351","#66A61E",3284.4727166,3,"30",17,FALSE,0,3284.4727166,2.55,3.45,NA,0.5,1,NA
"352","#66A61E",6400.49419264,4,"30",23,FALSE,0,6400.49419264,3.55,4.45,NA,0.5,1,NA
"353","#66A61E",7958.37909212,5,"30",29,FALSE,0,7958.37909212,4.55,5.45,NA,0.5,1,NA
"354","#66A61E",5017.96706176,6,"30",35,FALSE,0,5017.96706176,5.55,6.45,NA,0.5,1,NA
"355","#66A61E",3654.49970448,7,"30",41,FALSE,0,3654.49970448,6.55,7.45,NA,0.5,1,NA
"356","#66A61E",6230.27762812,8,"30",47,FALSE,0,6230.27762812,7.55,8.45,NA,0.5,1,NA
"357","#66A61E",5645.14572592,9,"30",53,FALSE,0,5645.14572592,8.55,9.45,NA,0.5,1,NA
"358","#66A61E",3834.71202348,10,"30",59,FALSE,0,3834.71202348,9.55,10.45,NA,0.5,1,NA
"359","#66A61E",2893.93953456,11,"30",65,FALSE,0,2893.93953456,10.55,11.45,NA,0.5,1,NA
"360","#66A61E",1956.78450916,12,"30",71,FALSE,0,1956.78450916,11.55,12.45,NA,0.5,1,NA
"361","#66A61E",531.5795732,1,"31",5,FALSE,0,531.5795732,0.55,1.45,NA,0.5,1,NA
"362","#66A61E",1904.24242036,2,"31",11,FALSE,0,1904.24242036,1.55,2.45,NA,0.5,1,NA
"363","#66A61E",3736.32341412,3,"31",17,FALSE,0,3736.32341412,2.55,3.45,NA,0.5,1,NA
"364","#66A61E",7050.56412468,4,"31",23,FALSE,0,7050.56412468,3.55,4.45,NA,0.5,1,NA
"365","#66A61E",8604.83517512,5,"31",29,FALSE,0,8604.83517512,4.55,5.45,NA,0.5,1,NA
"366","#66A61E",3255.8347244,6,"31",35,FALSE,0,3255.8347244,5.55,6.45,NA,0.5,1,NA
"367","#66A61E",2163.124369,7,"31",41,FALSE,0,2163.124369,6.55,7.45,NA,0.5,1,NA
"368","#66A61E",4585.61041952,8,"31",47,FALSE,0,4585.61041952,7.55,8.45,NA,0.5,1,NA
"369","#66A61E",3962.90682888,9,"31",53,FALSE,0,3962.90682888,8.55,9.45,NA,0.5,1,NA
"370","#66A61E",2929.29990648,10,"31",59,FALSE,0,2929.29990648,9.55,10.45,NA,0.5,1,NA
"371","#66A61E",3709.96208764,11,"31",65,FALSE,0,3709.96208764,10.55,11.45,NA,0.5,1,NA
"372","#66A61E",2122.6470844,12,"31",71,FALSE,0,2122.6470844,11.55,12.45,NA,0.5,1,NA
"373","#66A61E",29.96592,1,"32",5,FALSE,0,29.96592,0.55,1.45,NA,0.5,1,NA
"374","#66A61E",923.41349952,2,"32",11,FALSE,0,923.41349952,1.55,2.45,NA,0.5,1,NA
"375","#66A61E",2289.72184032,3,"32",17,FALSE,0,2289.72184032,2.55,3.45,NA,0.5,1,NA
"376","#66A61E",5191.29171276,4,"32",23,FALSE,0,5191.29171276,3.55,4.45,NA,0.5,1,NA
"377","#66A61E",6927.12067996,5,"32",29,FALSE,0,6927.12067996,4.55,5.45,NA,0.5,1,NA
"378","#66A61E",4997.8217062,6,"32",35,FALSE,0,4997.8217062,5.55,6.45,NA,0.5,1,NA
"379","#66A61E",3493.09058336,7,"32",41,FALSE,0,3493.09058336,6.55,7.45,NA,0.5,1,NA
"380","#66A61E",5737.29223204,8,"32",47,FALSE,0,5737.29223204,7.55,8.45,NA,0.5,1,NA
"381","#66A61E",5010.85733004,9,"32",53,FALSE,0,5010.85733004,8.55,9.45,NA,0.5,1,NA
"382","#66A61E",3089.55480832,10,"32",59,FALSE,0,3089.55480832,9.55,10.45,NA,0.5,1,NA
"383","#66A61E",2202.46874684,11,"32",65,FALSE,0,2202.46874684,10.55,11.45,NA,0.5,1,NA
"384","#66A61E",1629.65595272,12,"32",71,FALSE,0,1629.65595272,11.55,12.45,NA,0.5,1,NA
"385","#66A61E",42.19128,1,"33",5,FALSE,0,42.19128,0.55,1.45,NA,0.5,1,NA
"386","#66A61E",988.47786204,2,"33",11,FALSE,0,988.47786204,1.55,2.45,NA,0.5,1,NA
"387","#66A61E",2333.99823876,3,"33",17,FALSE,0,2333.99823876,2.55,3.45,NA,0.5,1,NA
"388","#66A61E",5280.63207184,4,"33",23,FALSE,0,5280.63207184,3.55,4.45,NA,0.5,1,NA
"389","#66A61E",7028.6642346,5,"33",29,FALSE,0,7028.6642346,4.55,5.45,NA,0.5,1,NA
"390","#66A61E",4884.13889132,6,"33",35,FALSE,0,4884.13889132,5.55,6.45,NA,0.5,1,NA
"391","#66A61E",3371.84417008,7,"33",41,FALSE,0,3371.84417008,6.55,7.45,NA,0.5,1,NA
"392","#66A61E",5535.74373208,8,"33",47,FALSE,0,5535.74373208,7.55,8.45,NA,0.5,1,NA
"393","#66A61E",4879.30070308,9,"33",53,FALSE,0,4879.30070308,8.55,9.45,NA,0.5,1,NA
"394","#66A61E",3041.13014288,10,"33",59,FALSE,0,3041.13014288,9.55,10.45,NA,0.5,1,NA
"395","#66A61E",2245.16563516,11,"33",65,FALSE,0,2245.16563516,10.55,11.45,NA,0.5,1,NA
"396","#66A61E",1648.12876596,12,"33",71,FALSE,0,1648.12876596,11.55,12.45,NA,0.5,1,NA
"397","#66A61E",190.0860866,1,"34",5,FALSE,0,190.0860866,0.55,1.45,NA,0.5,1,NA
"398","#66A61E",1260.7529224,2,"34",11,FALSE,0,1260.7529224,1.55,2.45,NA,0.5,1,NA
"399","#66A61E",2672.61307436,3,"34",17,FALSE,0,2672.61307436,2.55,3.45,NA,0.5,1,NA
"400","#66A61E",5753.43927876,4,"34",23,FALSE,0,5753.43927876,3.55,4.45,NA,0.5,1,NA
"401","#66A61E",7606.27583672,5,"34",29,FALSE,0,7606.27583672,4.55,5.45,NA,0.5,1,NA
"402","#66A61E",3572.61082288,6,"34",35,FALSE,0,3572.61082288,5.55,6.45,NA,0.5,1,NA
"403","#66A61E",2145.18081224,7,"34",41,FALSE,0,2145.18081224,6.55,7.45,NA,0.5,1,NA
"404","#66A61E",4356.8365444,8,"34",47,FALSE,0,4356.8365444,7.55,8.45,NA,0.5,1,NA
"405","#66A61E",3662.12319664,9,"34",53,FALSE,0,3662.12319664,8.55,9.45,NA,0.5,1,NA
"406","#66A61E",2311.39884056,10,"34",59,FALSE,0,2311.39884056,9.55,10.45,NA,0.5,1,NA
"407","#66A61E",2536.08552604,11,"34",65,FALSE,0,2536.08552604,10.55,11.45,NA,0.5,1,NA
"408","#66A61E",1734.22460188,12,"34",71,FALSE,0,1734.22460188,11.55,12.45,NA,0.5,1,NA
"409","#66A61E",0,1,"35",5,FALSE,0,0,0.55,1.45,NA,0.5,1,NA
"410","#66A61E",0,2,"35",11,FALSE,0,0,1.55,2.45,NA,0.5,1,NA
"411","#66A61E",96.76177768,3,"35",17,FALSE,0,96.76177768,2.55,3.45,NA,0.5,1,NA
"412","#66A61E",1525.9043432,4,"35",23,FALSE,0,1525.9043432,3.55,4.45,NA,0.5,1,NA
"413","#66A61E",3371.71661756,5,"35",29,FALSE,0,3371.71661756,4.55,5.45,NA,0.5,1,NA
"414","#66A61E",3207.65306504,6,"35",35,FALSE,0,3207.65306504,5.55,6.45,NA,0.5,1,NA
"415","#66A61E",1667.96865012,7,"35",41,FALSE,0,1667.96865012,6.55,7.45,NA,0.5,1,NA
"416","#66A61E",3619.41983416,8,"35",47,FALSE,0,3619.41983416,7.55,8.45,NA,0.5,1,NA
"417","#66A61E",2743.66303836,9,"35",53,FALSE,0,2743.66303836,8.55,9.45,NA,0.5,1,NA
"418","#66A61E",696.14494004,10,"35",59,FALSE,0,696.14494004,9.55,10.45,NA,0.5,1,NA
"419","#66A61E",401.2899122,11,"35",65,FALSE,0,401.2899122,10.55,11.45,NA,0.5,1,NA
"420","#66A61E",589.9628336,12,"35",71,FALSE,0,589.9628336,11.55,12.45,NA,0.5,1,NA
"421","#E6AB02",1420.26904548,1,"36",6,FALSE,0,1420.26904548,0.55,1.45,NA,0.5,1,NA
"422","#E6AB02",2225.4297016,2,"36",12,FALSE,0,2225.4297016,1.55,2.45,NA,0.5,1,NA
"423","#E6AB02",3833.556262644,3,"36",18,FALSE,0,3833.556262644,2.55,3.45,NA,0.5,1,NA
"424","#E6AB02",6974.25086112,4,"36",24,FALSE,0,6974.25086112,3.55,4.45,NA,0.5,1,NA
"425","#E6AB02",8422.11113668,5,"36",30,FALSE,0,8422.11113668,4.55,5.45,NA,0.5,1,NA
"426","#E6AB02",7640.78676544,6,"36",36,FALSE,0,7640.78676544,5.55,6.45,NA,0.5,1,NA
"427","#E6AB02",5989.59455516,7,"36",42,FALSE,0,5989.59455516,6.55,7.45,NA,0.5,1,NA
"428","#E6AB02",7714.7584632,8,"36",48,FALSE,0,7714.7584632,7.55,8.45,NA,0.5,1,NA
"429","#E6AB02",7125.638932972,9,"36",54,FALSE,0,7125.638932972,8.55,9.45,NA,0.5,1,NA
"430","#E6AB02",6180.96375444,10,"36",60,FALSE,0,6180.96375444,9.55,10.45,NA,0.5,1,NA
"431","#E6AB02",3913.45808764,11,"36",66,FALSE,0,3913.45808764,10.55,11.45,NA,0.5,1,NA
"432","#E6AB02",2303.904091,12,"36",72,FALSE,0,2303.904091,11.55,12.45,NA,0.5,1,NA
"433","#E6AB02",1579.98353308,1,"37",6,FALSE,0,1579.98353308,0.55,1.45,NA,0.5,1,NA
"434","#E6AB02",2568.81156416,2,"37",12,FALSE,0,2568.81156416,1.55,2.45,NA,0.5,1,NA
"435","#E6AB02",4273.5066084216,3,"37",18,FALSE,0,4273.5066084216,2.55,3.45,NA,0.5,1,NA
"436","#E6AB02",7472.71640356,4,"37",24,FALSE,0,7472.71640356,3.55,4.45,NA,0.5,1,NA
"437","#E6AB02",8934.8336915044,5,"37",30,FALSE,0,8934.8336915044,4.55,5.45,NA,0.5,1,NA
"438","#E6AB02",6834.09830048,6,"37",36,FALSE,0,6834.09830048,5.55,6.45,NA,0.5,1,NA
"439","#E6AB02",4503.99987628,7,"37",42,FALSE,0,4503.99987628,6.55,7.45,NA,0.5,1,NA
"440","#E6AB02",6183.93989586,8,"37",48,FALSE,0,6183.93989586,7.55,8.45,NA,0.5,1,NA
"441","#E6AB02",6126.4618016,9,"37",54,FALSE,0,6126.4618016,8.55,9.45,NA,0.5,1,NA
"442","#E6AB02",5663.09362,10,"37",60,FALSE,0,5663.09362,9.55,10.45,NA,0.5,1,NA
"443","#E6AB02",4681.34244028,11,"37",66,FALSE,0,4681.34244028,10.55,11.45,NA,0.5,1,NA
"444","#E6AB02",2667.68566752,12,"37",72,FALSE,0,2667.68566752,11.55,12.45,NA,0.5,1,NA
"445","#E6AB02",1738.335168,1,"38",6,FALSE,0,1738.335168,0.55,1.45,NA,0.5,1,NA
"446","#E6AB02",2853.8373694544,2,"38",12,FALSE,0,2853.8373694544,1.55,2.45,NA,0.5,1,NA
"447","#E6AB02",5059.12058628,3,"38",18,FALSE,0,5059.12058628,2.55,3.45,NA,0.5,1,NA
"448","#E6AB02",7939.130046416,4,"38",24,FALSE,0,7939.130046416,3.55,4.45,NA,0.5,1,NA
"449","#E6AB02",9765.82427772,5,"38",30,FALSE,0,9765.82427772,4.55,5.45,NA,0.5,1,NA
"450","#E6AB02",5243.8550284,6,"38",36,FALSE,0,5243.8550284,5.55,6.45,NA,0.5,1,NA
"451","#E6AB02",2841.81892596,7,"38",42,FALSE,0,2841.81892596,6.55,7.45,NA,0.5,1,NA
"452","#E6AB02",4356.29398072,8,"38",48,FALSE,0,4356.29398072,7.55,8.45,NA,0.5,1,NA
"453","#E6AB02",4384.43261996,9,"38",54,FALSE,0,4384.43261996,8.55,9.45,NA,0.5,1,NA
"454","#E6AB02",4332.6799954,10,"38",60,FALSE,0,4332.6799954,9.55,10.45,NA,0.5,1,NA
"455","#E6AB02",5238.394036984,11,"38",66,FALSE,0,5238.394036984,10.55,11.45,NA,0.5,1,NA
"456","#E6AB02",2960.41937016,12,"38",72,FALSE,0,2960.41937016,11.55,12.45,NA,0.5,1,NA
"457","#E6AB02",1272.50191912,1,"39",6,FALSE,0,1272.50191912,0.55,1.45,NA,0.5,1,NA
"458","#E6AB02",2034.18082432,2,"39",12,FALSE,0,2034.18082432,1.55,2.45,NA,0.5,1,NA
"459","#E6AB02",3443.9956783,3,"39",18,FALSE,0,3443.9956783,2.55,3.45,NA,0.5,1,NA
"460","#E6AB02",6463.74591132,4,"39",24,FALSE,0,6463.74591132,3.55,4.45,NA,0.5,1,NA
"461","#E6AB02",7933.09425244,5,"39",30,FALSE,0,7933.09425244,4.55,5.45,NA,0.5,1,NA
"462","#E6AB02",7314.961194528,6,"39",36,FALSE,0,7314.961194528,5.55,6.45,NA,0.5,1,NA
"463","#E6AB02",5622.007736264,7,"39",42,FALSE,0,5622.007736264,6.55,7.45,NA,0.5,1,NA
"464","#E6AB02",7133.995572248,8,"39",48,FALSE,0,7133.995572248,7.55,8.45,NA,0.5,1,NA
"465","#E6AB02",6675.95786484,9,"39",54,FALSE,0,6675.95786484,8.55,9.45,NA,0.5,1,NA
"466","#E6AB02",5717.45919176,10,"39",60,FALSE,0,5717.45919176,9.55,10.45,NA,0.5,1,NA
"467","#E6AB02",3501.785979312,11,"39",66,FALSE,0,3501.785979312,10.55,11.45,NA,0.5,1,NA
"468","#E6AB02",1960.565553736,12,"39",72,FALSE,0,1960.565553736,11.55,12.45,NA,0.5,1,NA
"469","#E6AB02",1376.31597748,1,"40",6,FALSE,0,1376.31597748,0.55,1.45,NA,0.5,1,NA
"470","#E6AB02",2269.67454568,2,"40",12,FALSE,0,2269.67454568,1.55,2.45,NA,0.5,1,NA
"471","#E6AB02",3669.75527016,3,"40",18,FALSE,0,3669.75527016,2.55,3.45,NA,0.5,1,NA
"472","#E6AB02",6758.08068132,4,"40",24,FALSE,0,6758.08068132,3.55,4.45,NA,0.5,1,NA
"473","#E6AB02",8297.13042976,5,"40",30,FALSE,0,8297.13042976,4.55,5.45,NA,0.5,1,NA
"474","#E6AB02",6685.26967668,6,"40",36,FALSE,0,6685.26967668,5.55,6.45,NA,0.5,1,NA
"475","#E6AB02",4739.43030112,7,"40",42,FALSE,0,4739.43030112,6.55,7.45,NA,0.5,1,NA
"476","#E6AB02",5987.885746456,8,"40",48,FALSE,0,5987.885746456,7.55,8.45,NA,0.5,1,NA
"477","#E6AB02",5798.602138756,9,"40",54,FALSE,0,5798.602138756,8.55,9.45,NA,0.5,1,NA
"478","#E6AB02",5225.73311876,10,"40",60,FALSE,0,5225.73311876,9.55,10.45,NA,0.5,1,NA
"479","#E6AB02",4096.814401896,11,"40",66,FALSE,0,4096.814401896,10.55,11.45,NA,0.5,1,NA
"480","#E6AB02",2220.695553092,12,"40",72,FALSE,0,2220.695553092,11.55,12.45,NA,0.5,1,NA
"481","#E6AB02",1472.85739984,1,"41",6,FALSE,0,1472.85739984,0.55,1.45,NA,0.5,1,NA
"482","#E6AB02",2408.91244344,2,"41",12,FALSE,0,2408.91244344,1.55,2.45,NA,0.5,1,NA
"483","#E6AB02",4131.74463864,3,"41",18,FALSE,0,4131.74463864,2.55,3.45,NA,0.5,1,NA
"484","#E6AB02",7059.597955172,4,"41",24,FALSE,0,7059.597955172,3.55,4.45,NA,0.5,1,NA
"485","#E6AB02",8837.423461,5,"41",30,FALSE,0,8837.423461,4.55,5.45,NA,0.5,1,NA
"486","#E6AB02",5577.113212292,6,"41",36,FALSE,0,5577.113212292,5.55,6.45,NA,0.5,1,NA
"487","#E6AB02",3477.095076232,7,"41",42,FALSE,0,3477.095076232,6.55,7.45,NA,0.5,1,NA
"488","#E6AB02",4468.29031502,8,"41",48,FALSE,0,4468.29031502,7.55,8.45,NA,0.5,1,NA
"489","#E6AB02",4369.7818425,9,"41",54,FALSE,0,4369.7818425,8.55,9.45,NA,0.5,1,NA
"490","#E6AB02",4271.12184704,10,"41",60,FALSE,0,4271.12184704,9.55,10.45,NA,0.5,1,NA
"491","#E6AB02",4610.28246152,11,"41",66,FALSE,0,4610.28246152,10.55,11.45,NA,0.5,1,NA
"492","#E6AB02",2409.90960536,12,"41",72,FALSE,0,2409.90960536,11.55,12.45,NA,0.5,1,NA
"493","#E6AB02",0,1,"42",6,FALSE,0,0,0.55,1.45,NA,0.5,1,NA
"494","#E6AB02",0,2,"42",12,FALSE,0,0,1.55,2.45,NA,0.5,1,NA
"495","#E6AB02",1075.2038012,3,"42",18,FALSE,0,1075.2038012,2.55,3.45,NA,0.5,1,NA
"496","#E6AB02",3796.437479552,4,"42",24,FALSE,0,3796.437479552,3.55,4.45,NA,0.5,1,NA
"497","#E6AB02",4788.684853544,5,"42",30,FALSE,0,4788.684853544,4.55,5.45,NA,0.5,1,NA
"498","#E6AB02",5359.594252568,6,"42",36,FALSE,0,5359.594252568,5.55,6.45,NA,0.5,1,NA
"499","#E6AB02",3827.54558876,7,"42",42,FALSE,0,3827.54558876,6.55,7.45,NA,0.5,1,NA
"500","#E6AB02",4106.43864076,8,"42",48,FALSE,0,4106.43864076,7.55,8.45,NA,0.5,1,NA
"501","#E6AB02",3871.63953628,9,"42",54,FALSE,0,3871.63953628,8.55,9.45,NA,0.5,1,NA
"502","#E6AB02",2502.51577388,10,"42",60,FALSE,0,2502.51577388,9.55,10.45,NA,0.5,1,NA
"503","#E6AB02",1260.029623288,11,"42",66,FALSE,0,1260.029623288,10.55,11.45,NA,0.5,1,NA
"504","#E6AB02",734.5891374,12,"42",72,FALSE,0,734.5891374,11.55,12.45,NA,0.5,1,NA
